{"cameraMode":{"drawMode":0,"name":"Shaded","section":"Shading Mode"},"sceneLighting":false,"audioPlay":false,"sceneViewState":{"m_AlwaysRefresh":false,"showFog":false,"showSkybox":false,"showFlares":true,"showImageEffects":true,"showParticleSystems":true,"showVisualEffectGraphs":true,"m_FxEnabled":true},"in2DMode":false,"pivot":{"x":7.611424922943115,"y":-2.0504355430603029,"z":2.4565353393554689},"rotation":{"x":0.026802608743309976,"y":-0.339470237493515,"z":0.009677421301603318,"w":0.9401863217353821},"size":5.8330912590026859,"orthographic":true}