{"cameraMode":{"drawMode":0,"name":"Shaded","section":"Shading Mode"},"sceneLighting":false,"audioPlay":false,"sceneViewState":{"m_AlwaysRefresh":false,"showFog":true,"showSkybox":false,"showFlares":true,"showImageEffects":true,"showParticleSystems":true,"showVisualEffectGraphs":true,"m_FxEnabled":true},"in2DMode":false,"pivot":{"x":-2.538297653198242,"y":0.21068981289863587,"z":-12.736385345458985},"rotation":{"x":-0.27952998876571658,"y":0.39505907893180849,"z":-0.12755516171455384,"w":-0.8657498955726624},"size":6.3418192863464359,"orthographic":false}