{"cameraMode":{"drawMode":0,"name":"Shaded","section":"Shading Mode"},"sceneLighting":false,"audioPlay":false,"sceneViewState":{"m_AlwaysRefresh":false,"showFog":false,"showSkybox":false,"showFlares":true,"showImageEffects":true,"showParticleSystems":true,"showVisualEffectGraphs":true,"m_FxEnabled":true},"in2DMode":false,"pivot":{"x":11.8970308303833,"y":0.06876273453235626,"z":-17.985612869262697},"rotation":{"x":0.2761889100074768,"y":-0.49105313420295718,"z":0.16489256918430329,"w":0.8102022409439087},"size":0.14074788987636567,"orthographic":false}