{"cameraMode":{"drawMode":0,"name":"Shaded","section":"Shading Mode"},"sceneLighting":false,"audioPlay":false,"sceneViewState":{"m_AlwaysRefresh":false,"showFog":true,"showSkybox":false,"showFlares":true,"showImageEffects":true,"showParticleSystems":true,"showVisualEffectGraphs":true,"m_FxEnabled":true},"in2DMode":false,"pivot":{"x":-0.35089313983917239,"y":0.32993781566619875,"z":0.3371715247631073},"rotation":{"x":-0.3602205514907837,"y":0.38000667095184328,"z":-0.16372321546077729,"w":-0.8360816836357117},"size":0.9185587167739868,"orthographic":false}