{"cameraMode":{"drawMode":0,"name":"Shaded","section":"Shading Mode"},"sceneLighting":false,"audioPlay":false,"sceneViewState":{"m_AlwaysRefresh":false,"showFog":false,"showSkybox":false,"showFlares":true,"showImageEffects":true,"showParticleSystems":true,"showVisualEffectGraphs":true,"m_FxEnabled":true},"in2DMode":false,"pivot":{"x":15.265202522277832,"y":0.9866015315055847,"z":-6.818439960479736},"rotation":{"x":0.43117988109588625,"y":-0.08163812756538391,"z":0.03702378273010254,"w":0.8983745574951172},"size":1.8531317710876465,"orthographic":false}