{"cameraMode":{"drawMode":0,"name":"Shaded","section":"Shading Mode"},"sceneLighting":false,"audioPlay":false,"sceneViewState":{"m_AlwaysRefresh":false,"showFog":false,"showSkybox":false,"showFlares":true,"showImageEffects":true,"showParticleSystems":true,"showVisualEffectGraphs":true,"m_FxEnabled":true},"in2DMode":false,"pivot":{"x":0.4565146863460541,"y":0.6663566827774048,"z":-0.914556086063385},"rotation":{"x":-0.23313069343566895,"y":0.13002154231071473,"z":-0.031097833067178727,"w":-0.9636759161949158},"size":1.2570714950561524,"orthographic":false}