{"cameraMode":{"drawMode":0,"name":"Shaded","section":"Shading Mode"},"sceneLighting":false,"audioPlay":false,"sceneViewState":{"m_AlwaysRefresh":false,"showFog":true,"showSkybox":false,"showFlares":true,"showImageEffects":true,"showParticleSystems":true,"showVisualEffectGraphs":true,"m_FxEnabled":true},"in2DMode":false,"pivot":{"x":-1.0378981828689576,"y":1.2592368125915528,"z":0.27829521894454958},"rotation":{"x":0.17180371284484864,"y":0.7352117896080017,"z":-0.20253139734268189,"w":0.6236534118652344},"size":0.18849867582321168,"orthographic":false}