{"cameraMode":{"drawMode":0,"name":"Shaded","section":"Shading Mode"},"sceneLighting":false,"audioPlay":false,"sceneViewState":{"m_AlwaysRefresh":false,"showFog":false,"showSkybox":false,"showFlares":true,"showImageEffects":true,"showParticleSystems":true,"showVisualEffectGraphs":true,"m_FxEnabled":true},"in2DMode":false,"pivot":{"x":-3.6017956733703615,"y":14.392890930175782,"z":-6.707177639007568},"rotation":{"x":-0.2644886374473572,"y":-0.08751735091209412,"z":0.024109557271003724,"w":-0.9601097702980042},"size":19.639659881591798,"orthographic":false}