{"cameraMode":{"drawMode":0,"name":"Shaded","section":"Shading Mode"},"sceneLighting":false,"audioPlay":false,"sceneViewState":{"m_AlwaysRefresh":false,"showFog":false,"showSkybox":false,"showFlares":true,"showImageEffects":true,"showParticleSystems":true,"showVisualEffectGraphs":true,"m_FxEnabled":true},"in2DMode":false,"pivot":{"x":0.6845957040786743,"y":0.49341726303100588,"z":-0.8275920748710632},"rotation":{"x":0.020542019978165628,"y":0.9686891436576843,"z":0.05793378874659538,"w":-0.24369174242019654},"size":0.8606541752815247,"orthographic":false}