{"cameraMode":{"drawMode":0,"name":"Shaded","section":"Shading Mode"},"sceneLighting":false,"audioPlay":false,"sceneViewState":{"m_AlwaysRefresh":false,"showFog":false,"showSkybox":false,"showFlares":true,"showImageEffects":true,"showParticleSystems":true,"showVisualEffectGraphs":true,"m_FxEnabled":true},"in2DMode":false,"pivot":{"x":-0.016143247485160829,"y":-0.5347328782081604,"z":-0.6433154344558716},"rotation":{"x":-0.01825420930981636,"y":0.91900235414505,"z":-0.39267972111701968,"w":-0.04252980276942253},"size":0.8660253882408142,"orthographic":false}