{"cameraMode":{"drawMode":0,"name":"Shaded","section":"Shading Mode"},"sceneLighting":false,"audioPlay":false,"sceneViewState":{"m_AlwaysRefresh":false,"showFog":false,"showSkybox":false,"showFlares":true,"showImageEffects":true,"showParticleSystems":true,"showVisualEffectGraphs":true,"m_FxEnabled":true},"in2DMode":false,"pivot":{"x":0.14111851155757905,"y":-0.40369388461112978,"z":2.6501786708831789},"rotation":{"x":-0.08124591410160065,"y":-0.012903526425361634,"z":0.0014756015734747053,"w":-0.9970530271530151},"size":2.312347412109375,"orthographic":false}